id,name,birthday,movies
3223,Robert Downey Jr.,1965-04-04,"[299534, 299536, 24428]"
16828,Chris Evans,1981-06-13,"[299534, 299537, 299536, 24428]"
74568,Chris Hemsworth,1983-08-11,"[299534, 299536, 24428]"
103,Mark Ruffalo,1967-11-22,"[299534, 299537, 299536, 24428]"
1245,Scarlett Johansson,1984-11-22,"[299534, 299537, 299536, 24428]"
17604,Jeremy Renner,1971-01-07,"[299534, 24428]"
1896,Don Cheadle,1964-11-29,"[299534, 299537, 299536]"
22226,Paul Rudd,1969-04-06,[299534]
51329,Bradley Cooper,1975-01-05,"[299534, 299536]"
60073,Brie Larson,1989-10-01,"[299534, 299537]"
543261,Karen Gillan,1987-11-28,"[299534, 299536]"
16851,Josh Brolin,1968-02-12,"[299534, 299536]"
71580,Benedict Cumberbatch,1976-07-19,"[299534, 299536]"
172069,Chadwick Boseman,1976-11-29,"[299534, 299536, 284054]"
1136406,Tom Holland,1996-06-01,"[299534, 299536]"
8691,Zoe Saldana,1978-06-19,"[299534, 299536]"
12052,Gwyneth Paltrow,1972-09-27,"[299534, 299536, 24428]"
19034,Evangeline Lilly,1979-08-03,[299534]
62561,Tessa Thompson,1983-10-03,[299534]
14343,Rene Russo,1954-02-17,[299534]
550843,Elizabeth Olsen,1989-02-16,"[299534, 299536]"
53650,Anthony Mackie,1979-09-23,"[299534, 299536]"
60898,Sebastian Stan,1982-08-13,"[299534, 299536, 284054]"
91606,Tom Hiddleston,1981-02-09,"[299534, 299536, 24428]"
82104,Danai Gurira,1978-02-14,"[299534, 299536, 284054]"
30082,Benedict Wong,1971-06-03,"[299534, 299536]"
139820,Pom Klementieff,1986-05-03,"[299534, 299536]"
12835,Vin Diesel,1967-07-18,"[299534, 299536]"
543530,Dave Bautista,1969-01-18,"[299534, 299536]"
73457,Chris Pratt,1979-06-21,"[299534, 299536]"
1083010,Letitia Wright,1993-10-31,"[299534, 299536, 284054]"
21134,John Slattery,1962-08-13,[299534]
3063,Tilda Swinton,1960-11-05,[299534]
15277,Jon Favreau,1966-10-19,[299534]
39459,Hayley Atwell,1982-04-05,[299534]
524,Natalie Portman,1981-06-09,[299534]
3141,Marisa Tomei,1964-12-04,[299534]
55934,Taika Waititi,1975-08-16,[299534]
9780,Angela Bassett,1958-08-16,"[299534, 284054]"
3392,Michael Douglas,1944-09-25,[299534]
1160,Michelle Pfeiffer,1958-04-29,[299534]
227,William Hurt,1950-03-20,"[299534, 299536]"
71189,Cobie Smulders,1982-04-03,"[299534, 299536, 24428]"
51663,Sean Gunn,1974-05-22,"[299534, 299536]"
1447932,Winston Duke,1986-11-15,"[299534, 299536, 284054]"
1817,Linda Cardellini,1975-06-25,[299534]
1018947,Maximiliano Hernández,1973-01-01,"[299534, 24428]"
81685,Frank Grillo,1965-06-08,[299534]
9195,Hiroyuki Sanada,1960-10-12,[299534]
29240,Tom Vaughan-Lawlor,1977-01-01,"[299534, 299536]"
19655,James D'Arcy,1975-08-24,[299534]
1649152,Jacob Batalon,1996-06-06,"[299534, 299536]"
4135,Robert Redford,1936-08-18,[299534]
2231,Samuel L. Jackson,1948-12-21,"[299534, 299537, 299536, 450465, 24428]"
2296235,Lexi Rabe,2012-06-15,[299534]
19272,Joe Russo,1971-07-08,[299534]
1379821,Michael James Shaw,,"[299534, 299536]"
236696,Terry Notary,1968-08-14,"[299534, 299536]"
62105,Kerry Condon,1983-01-04,"[299534, 299536]"
111513,Yvette Nicole Brown,1971-08-12,[299534]
208296,Callan Mulvey,1975-02-23,[299534]
83586,Ken Jeong,1969-07-13,[299534]
17181,Ty Simpkins,2001-08-06,[299534]
2298444,Loen LeClair,,[299534]
1468400,Lee Moore,,[299534]
2298443,Bazlo LeClair,,[299534]
2020904,Jackson A. Dunn,2003-01-01,[299534]
102744,Monique Ganderton,1980-08-06,"[299534, 299536]"
555249,Ross Marquand,1981-08-22,"[299534, 299536]"
1028454,Emma Fuhrmann,2001-09-15,[299534]
7624,Stan Lee,1922-12-28,"[299534, 299537, 299536, 284054, 24428]"
1760879,Ben Sakamoto,,[299534]
2267329,Ava Russo,,[299534]
1924769,Cade Woodward,,[299534]
2297907,Lia Russo,,[299534]
1442722,John Michael Morris,,[299534]
1502949,Michael A. Cook,,[299534]
1480044,Brent McGee,,"[299534, 24428]"
1265796,Brian Schaeffer,,[299534]
1713975,Jim Starlin,1949-10-09,[299534]
375719,Jimmy Ray Pickens,,[299534]
1895760,Jack Champion,,[299534]
1004624,Russell Bobbitt,,[299534]
1851154,Hye Jin Jang,,[299534]
1120883,Sam Hargrave,,[299534]
136921,Patrick Gorman,,[299534]
964421,Aaron Lazar,,"[299534, 299536]"
97844,Robert Pralgo,1966-06-04,"[299534, 299536]"
44060,John Posey,1956-02-07,[299534]
1448180,Ameenah Kaplan,,"[299534, 299536]"
2031105,Olaniyan Thurmon,,"[299534, 299536]"
2092976,Mike Lutz,,[299534]
1636738,Katherine Langford,1996-04-29,[299534]
77335,Ben Mendelsohn,1969-04-03,[299537]
9642,Jude Law,1972-12-29,[299537]
516,Annette Bening,1958-05-29,[299537]
938,Djimon Hounsou,1964-04-24,"[299537, 287947]"
72095,Lee Pace,1979-03-25,[299537]
1360281,Lashana Lynch,1987-11-27,[299537]
97576,Gemma Chan,1982-11-29,[299537]
9048,Clark Gregg,1962-04-02,"[299537, 24428]"
76618,Rune Temte,1965-09-29,[299537]
86381,Algenis Perez Soto,,[299537]
1172108,Mckenna Grace,2006-06-25,[299537]
2258733,Akira Akbar,,[299537]
1232599,Matthew Maher,,[299537]
1610710,Chuku Modu,1990-06-19,[299537]
6623,Vik Sahay,1971-07-03,[299537]
74539,Colin Ford,1996-09-12,[299537]
28868,Kenneth Mitchell,1974-11-25,[299537]
1514930,Stephen A. Chang,,[299537]
1163622,Pete Ploszek,1987-01-20,[299537]
2175390,London Fuller,,[299537]
2292715,Azari Akbar,,[299537]
1183671,Mark Daugherty,,[299537]
1288264,Diana Toshiko,,[299537]
2293121,Barry Curtis,,[299537]
2219719,Emily Ozrey,,[299537]
2219716,Abigaille Ozrey,,[299537]
149776,Marilyn Brett,,[299537]
1038379,Robert Kazinsky,1983-11-18,[299537]
88928,Nelson Franklin,,[299537]
76022,Patrick Brennan,1972-12-25,[299537]
17837,Patrick Gallagher,1968-02-21,[299537]
1077805,Ana Ayora,1983-07-08,[299537]
2292713,Sharon Blynn,,[299537]
583885,Matthew Bellows,1981-10-22,[299537]
1523304,Richard Zeringue,,[299537]
1240417,Duane Henry,1985-03-18,[299537]
69899,Zachary Levi,1980-09-29,[287947]
2983,Mark Strong,1963-08-05,[287947]
1768966,Asher Angel,2002-09-06,[287947]
1774679,Jack Dylan Grazer,2003-09-03,[287947]
11702,Adam Brody,1979-12-15,[287947]
1726891,Faithe Herman,2007-12-27,[287947]
22122,Meagan Good,1981-08-08,[287947]
54633,Grace Fulton,1996-07-17,[287947]
101028,Michelle Borth,1978-08-19,[287947]
1397359,Ian Chen,2006-09-07,[287947]
1299232,Ross Butler,1990-05-17,[287947]
1940197,Jovan Armand,,[287947]
51976,D.J. Cotrona,1980-05-23,[287947]
1181306,Marta Milans,1982-04-19,[287947]
111698,Cooper Andrews,1985-03-10,[287947]
1639977,Ethan Pugiotto,,[287947]
5589,John Glover,1944-08-07,[287947]
2310745,Landon Doak,,[287947]
2310746,Wayne Ward,,[287947]
948533,Paul Braunstein,,[287947]
1896522,Nadine Roden,,[287947]
1994215,David Kohlsmith,,[287947]
1482440,Caroline Palmer,,[287947]
2009135,Emily Nixon,,[287947]
1857464,Carson MacCormac,,[287947]
1302131,Lotta Losten,1981-11-07,[287947]
1659211,Andi Osho,1973-01-27,[287947]
20755,Natalia Safran,,[287947]
1941314,David J. MacNeil,,[287947]
1669169,Lou Lou Safran,,[287947]
1723918,Ava Preston,,[287947]
1994213,Manuel Rodriguez-Saenz,,[287947]
1739122,Ali Badshah,,[287947]
43284,Simon Northwood,1968-02-12,[287947]
1881104,Lovina Yavari,,[287947]
2284635,Rachel Boyd,,[287947]
1887791,Jim Pagiamtzis,,[287947]
1906145,Raul Torres,,[287947]
1993743,Jhaleil Swaby,,[287947]
2005750,Jackson Reid,,[287947]
2037558,Bryce Arden Poe,,[287947]
2010882,Tosh Robertson,,[287947]
2022034,Pearl Ho,,[287947]
1281629,Cassandra Ebner,1992-10-23,[287947]
2093827,Stephanie Hawkins,,[287947]
2041867,Angelica Lisk-Hann,1969-02-20,[287947]
1021545,Jesse Bond,,[287947]
1639984,Harper Gunn,,[287947]
1883593,Evan Marsh,,[287947]
2093823,Kerri Kamara,,[287947]
2275601,Leon Oliveira Martins,,[287947]
2275602,Nilce Moretto,,[287947]
1302082,David F. Sandberg,1985-12-23,[287947]
2072200,Ryan Handley,,[287947]
2101716,So Okuno,,[543103]
1864577,Atsuhiro Inukai,1994-06-13,[543103]
2065347,Gaku Oshida,,[543103]
1509675,Eiji Akaso,1994-03-01,[543103]
2115306,Keisuke Watanabe,,[543103]
2099590,Shieri Ohata,1998-11-05,[543103]
91873,Katsuhisa Namase,1960-10-13,[543103]
1240339,Kouhei Takeda,1986-01-14,[543103]
1560393,Kensei Mikami,1984-04-02,[543103]
1864579,Kaho Takada,1996-05-31,[543103]
1779568,Nayuta Fukuzaki,,[543103]
224411,Shunsuke Daitô,,[543103]
2157994,Taiyo Saito,,[543103]
237323,Kenichi Takito,1976-11-02,[543103]
1323828,Toshiki Kashû,,[543103]
121800,Takamasa Suga,,[543103]
227624,Masahiro Inoue,,[543103]
1502226,Shun Nishime,,[543103]
230659,Takeru Satoh,1989-03-21,[543103]
90571,Toshihiko Seki,1962-06-11,[543103]
555099,Koji Yusa,1968-08-12,[543103]
219659,Masaki Terasoma,1962-05-08,[543103]
9726,Kenichi Suzumura,1974-09-12,[543103]
58450,Kenjiro Ishimaru,1953-11-01,[543103]
10859,Ryan Reynolds,1976-10-23,[447404]
1029934,Justice Smith,1995-08-09,[447404]
221192,Kathryn Newton,1997-02-08,[447404]
2440,Bill Nighy,1949-12-12,[447404]
3899,Ken Watanabe,1959-10-21,[447404]
62879,Chris Geere,1981-03-18,[447404]
1325961,Suki Waterhouse,1992-01-05,[447404]
174708,Josette Simon,,[447404]
2300244,Alejandro De Mesa,,[447404]
1089873,Rita Ora,1990-11-26,[447404]
1109702,Karan Soni,1989-01-08,[447404]
2251714,Max Fincham,,[447404]
2223752,Simone Ashley,,[447404]
2300262,Edward Davis,,[447404]
1555229,Diplo,1978-11-10,[447404]
1134885,Omar Chaparro,,[447404]
1821232,Ben Fox,,[447404]
1411379,Kadiff Kirwan,,[447404]
1091324,Rob Delaney,1977-01-19,[447404]
62968,Priyanga Burford,,[447404]
73044,Ikue Otani,1965-08-18,[447404]
1502439,Bern Collaço,,[447404]
1691900,Fiona Hardingham,,[447404]
199529,Jordan Long,1974-01-01,[447404]
2106678,Zoë Scott,,[447404]
1655621,Bernardo Santos,,[447404]
2219124,Ruth Horrocks,,[447404]
1785923,Jag Patel,,[447404]
1669675,Abbie Murphy,,[447404]
1744234,Paul Lawrence Kitson,,[447404]
1743363,Sofia Abbasi,,[447404]
1941849,Gurnita Kaur Kahlon,,[447404]
1588173,Daniel Eghan,,[447404]
2251709,Crystal Wingx,,[447404]
2251710,Belal Sabir,,[447404]
2251711,James Galvin,,[447404]
2251712,Charlie Rhea Esquér,,[447404]
2251713,Rebecca Lawson-Turner,,[447404]
1813796,Deborah Rock,,[447404]
1363065,Nick Owenford,,[447404]
2219130,Géraldine Lamarre,,[447404]
1841454,Kevin Matadeen,,[447404]
2251715,Savannah Pages,,[447404]
2085742,Ian Morine,,[447404]
2251716,Georgie Carter,,[447404]
2251717,Alex Klaus,,[447404]
1744117,A.k. Steppa,,[447404]
1812530,Jackson Kai,,[447404]
1927097,Benjamin Coakley,,[447404]
2245765,Joellee Evans,,[447404]
2219133,Daniel Rennis,,[447404]
2251718,Iulia Filipovscaia,,[447404]
2251719,Rishi Gupta,,[447404]
2251720,Preeti Malhotra,,[447404]
196819,Matthew Cox,,[447404]
2251721,Wong Charlie,,[447404]
2251722,Susanne Schraps,,[447404]
2251723,Henrique Rizzo,,[447404]
2076562,Tommy Gorman,,[447404]
2251724,Riley Fusilero,,[447404]
2251725,Jonathan Dodson,,[447404]
1943000,Lana Ish-Muhametova,,[447404]
1744072,Nina Kumar,,[447404]
2251726,Armani La Wong,,[447404]
2219129,Emily Ng,,[447404]
2251727,Baltazar Oliva,,[447404]
1987686,Nicole Reece,,[447404]
1394361,Clem So,,[447404]
2251728,Winson Ting,,[447404]
1942348,Rina Hoshino,,[447404]
1532230,Kotaro Watanabe,,[447404]
35029,David Harbour,1974-04-10,[456740]
63,Milla Jovovich,1975-12-17,[456740]
6972,Ian McShane,1942-09-29,[456740]
18307,Daniel Dae Kim,1968-08-04,[456740]
1535218,Sasha Lane,1995-09-29,[456740]
1146114,Penelope Mitchell,1991-07-24,[456740]
63364,Brian Gleeson,1987-11-14,[456740]
2598,Sophie Okonedo,1969-01-01,[456740]
56100,Alistair Petrie,1970-09-30,[456740]
19159,Thomas Haden Church,1960-06-17,[456740]
21321,Kristina Klebe,1979-06-18,[456740]
75331,Ashley Edner,1989-12-17,[456740]
51301,Douglas Tait,1978-12-17,[456740]
1547021,Vanessa Eichholz,,[456740]
1180134,Mario de la Rosa,1920-02-04,[456740]
67247,Atanas Srebrev,1971-04-19,[456740]
1115,Stephen Graham,1973-08-03,[456740]
113523,Laila Morse,1945-08-01,[456740]
58776,Nitin Ganatra,,[456740]
1345950,Mark Stanley,,[456740]
83137,Rick Warden,1971-09-29,[456740]
122354,Markos Rounthwaite,1972-12-23,[456740]
2287315,Ilko Iliev,,[456740]
2292683,Nadya Keranova,,[456740]
1753914,Josephine Langford,1997-08-18,[537915]
1114487,Hero Fiennes Tiffin,1997-11-06,[537915]
11826,Selma Blair,1972-06-23,[537915]
3130,Jennifer Beals,1963-12-19,[537915]
8212,Peter Gallagher,1955-08-19,[537915]
1684130,Shane Paul McGhie,,"[537915, 487297]"
1224112,Samuel Larsen,1991-08-28,[537915]
1039523,Dylan Arnold,1998-07-24,[537915]
2094603,Pia Mia,1996-09-19,[537915]
1685330,Inanna Sarkis,1993-05-15,[537915]
2161745,Khadijha Red Thunder,,[537915]
207150,Jessica Barth,1978-07-13,[537915]
956385,Meadow Williams,1966-02-10,[537915]
1075049,Swen Temmel,,[537915]
2102723,Rebecca Lee Robertson,,[537915]
2094605,Anna Todd,,[537915]
1241939,Wasabi Mizuta,1974-08-04,[495925]
932986,Megumi Oohara,1975-04-06,[495925]
9715,Yumi Kakazu,1973-06-18,[495925]
1142780,Subaru Kimura,1990-06-29,[495925]
90567,Tomokazu Seki,1972-09-08,[495925]
40450,Yo Oizumi,1973-04-03,[495925]
3896,Liam Neeson,1952-06-07,[438650]
4784,Laura Dern,1967-02-10,[438650]
2202462,Micheál Richardson,1995-06-22,[438650]
67979,Michael Eklund,1962-07-31,[438650]
98661,Bradley Stryker,1977-06-29,[438650]
1417044,Wesley MacInnes,,[438650]
1364004,Tom Bateman,1989-03-15,[438650]
78797,Tom Jackson,1948-10-27,[438650]
4730,Emmy Rossum,1986-09-12,[438650]
17941,Domenick Lombardozzi,1976-03-25,[438650]
87310,Julia Jones,1981-01-23,[438650]
4735,John Doman,1945-01-09,[438650]
4520,William Forsythe,1955-06-07,[438650]
77865,Benjamin Hollingsworth,1984-09-07,[438650]
1328755,Jim Shield,,[438650]
107810,Aleks Paunovic,1969-06-29,[438650]
1233165,Glenn Ennis,,[438650]
1563416,Chris Cook,,[438650]
74361,Venus Terzo,1967-10-17,[438650]
1444307,Dani Alvarado,,[438650]
63566,Michael Adamthwaite,1981-09-01,[438650]
43297,Elizabeth Thai,1979-07-01,[438650]
2482,David O'Hara,1965-07-09,[438650]
1560344,Gus Halper,1992-07-02,[438650]
90720,Elysia Rotaru,1984-11-09,[438650]
1148696,Kyle Nobess,,[438650]
1442051,Victor Zinck Jr.,,[438650]
17688,Raoul Max Trujillo,1955-05-08,[438650]
60722,Nathaniel Arcand,1971-11-13,[438650]
146174,Glen Gould,1972-06-06,[438650]
946293,Christopher Logan,1971-06-19,[438650]
158498,Bart Anderson,,[438650]
1457244,Gary Sekhon,,[438650]
87575,Arnold Pinnock,1967-12-10,[438650]
72099,Ben Cotton,1975-07-26,[438650]
1516211,Emily Maddison,1993-11-01,[438650]
157790,Glenn Wrage,,[438650]
208146,Michael Bean,,[438650]
1756897,Ben Sullivan,,[438650]
1233167,Travis MacDonald,,[438650]
105865,Loretta Walsh,,[438650]
63564,Nels Lennarson,1972-10-14,[438650]
1368790,Max Montesi,,[438650]
1532674,Peter Strand Rumpel,,[438650]
1237281,Nick Holmes,1981-08-14,[438650]
6162,Paul Bettany,1971-05-27,"[299536, 24428]"
17605,Idris Elba,1972-09-06,[299536]
22970,Peter Dinklage,1969-06-11,[299536]
1121,Benicio del Toro,1967-02-19,[299536]
1308445,Carrie Coon,1981-01-24,[299536]
139900,Florence Kasumba,1976-10-26,"[299536, 284054]"
211937,Tiffany Espensen,1999-02-10,[299536]
1517836,Isabella Amara,1998-10-09,[299536]
212003,Ethan Dizon,,[299536]
1767250,Ariana Greenblatt,2007-08-27,[299536]
1779567,Michael Anthony Rogers,,[299536]
5552,Stephen McFeely,,[299536]
1003792,Blair Jasin,,"[299536, 526050]"
1480027,Matthew Zuk,,[299536]
2105647,Laura Miller,,[299536]
11181,Kenneth Branagh,1960-12-10,[299536]
5530,James McAvoy,1979-04-21,[450465]
62,Bruce Willis,1955-03-19,[450465]
1397778,Anya Taylor-Joy,1996-04-16,[450465]
34490,Sarah Paulson,1974-12-17,[450465]
4012,Spencer Treat Clark,1987-09-24,[450465]
33689,Charlayne Woodard,1953-12-29,[450465]
7002,Luke Kirby,1978-06-21,[450465]
1216908,Adam David Thompson,,[450465]
11614,M. Night Shyamalan,1970-08-06,[450465]
2218722,Shannon Destiny Ryan,,[450465]
2048372,Diana Silvers,1997-11-03,[450465]
2089211,Nina Wisner,,[450465]
2089210,Kyli Zion,,[450465]
1996069,Serge Didenko,,[450465]
1599705,Russell Posner,,[450465]
1530423,Kimberly S. Fairbanks,,[450465]
130843,Rosemary Howard,,[450465]
2279903,Bryan McElroy,,[450465]
2279904,Owen Vitullo,,[450465]
2279905,William Turner,,[450465]
1882245,Johnny Hiram Jamison,,[450465]
21474,Leslie Stefanson,1971-05-10,[450465]
1882258,Marc H. Glick,,[450465]
91069,Brick Mason,,[450465]
102996,Bostin Christopher,,[450465]
1739972,Ukee Washington,1958-08-20,[450465]
2279906,Colin Becker,,[450465]
127070,Brian Anthony Wilson,1960-02-22,[450465]
187919,Tobias Segal,,[450465]
2279908,Joseph Thuet,,[450465]
2279909,Tatiana St. Phard,,[450465]
1003288,Tom DiNardo,,[450465]
1722825,Timothy Chivalette,,[450465]
73298,Jack McCafferty,,[450465]
2279912,Darby Schlosser,,[450465]
2279914,Jordan Coker,,[450465]
2292112,Emma Hong,,[450465]
2279915,Xaiver Gerald,,[450465]
1789650,Tim Duquette,,[450465]
2279916,Nathan Nauroth,,[450465]
2279917,Ana Leonard,,[450465]
118941,Jennifer Butler,1966-05-11,[450465]
1569743,Vincent Riviezzo,,[450465]
1890563,Jessica Heller,,[450465]
207389,Rob Yang,,[450465]
209426,Jane Park Smith,,[450465]
159870,Brian Donahue,1962-08-05,[450465]
1826045,Aurora Karine,,[450465]
1609946,Andrew Hunsicker,,[450465]
169620,Marisa Brown,,[450465]
2089213,Matt Jacobs,,[450465]
1385066,Jon Douglas Rainey,,[450465]
42239,Shayna Ryan,,[450465]
1935642,Ursula Triplett,,[450465]
2089212,Sarah Grgic,,[450465]
1935643,Lory Molino,,[450465]
1473995,Darren Wang,1991-05-29,[576393]
1574909,Jelly Lin,1996-04-16,[576393]
2238409,Li-Tung Chang,,[576393]
1675023,Chen Kenji,,[576393]
1794457,Alina Cheng,1988-03-28,[576393]
1529401,Cecilia Choi,,[576393]
54615,Christy Chung,1970-09-19,[576393]
2257563,Keelong Hsu,,[576393]
40036,Taraji P. Henson,1970-09-11,[487297]
56903,Tracy Morgan,1968-11-10,[487297]
83860,Aldis Hodge,1986-09-20,[487297]
63234,Wendi McLendon-Covey,1969-10-10,[487297]
2121990,Kristen Ledlow,,[487297]
1180979,Josh Brener,,[487297]
34502,Kellan Lutz,1985-03-15,[487297]
1698092,Mathias Alvarez,,[487297]
1573273,Chris Witaske,,[487297]
1213603,Max Greenfield,1980-09-04,[487297]
1694522,Paul Brian Johnson,,[487297]
59154,Tamala Jones,1974-11-12,[487297]
1837786,Phoebe Robinson,,[487297]
87400,Brian Bosworth,1965-03-09,[487297]
4237,Erykah Badu,1971-02-26,[487297]
35806,Shaquille O'Neal,1972-03-06,[487297]
31515,Mark Cuban,,[487297]
6487,Richard Roundtree,1942-07-09,[487297]
185805,Jason Jones,1967-06-03,[487297]
1232068,Roshawn Franklin,,[487297]
1214195,Lisa Leslie,,[487297]
1225605,Grant Hill,1972-10-05,[487297]
1427948,Pete Davidson,,[487297]
1621551,Mystie Smith,,[487297]
1826048,David Dunston,,"[487297, 284054]"
2035636,Marcus Lewis,,[487297]
76512,Jason Clarke,1969-07-17,[157433]
139150,Amy Seimetz,1981-11-25,[157433]
12074,John Lithgow,1945-10-19,[157433]
1853972,Jeté Laurence,,[157433]
2143771,Lucas Lavoie,,[157433]
2143772,Hugo Lavoie,,[157433]
2143870,Obssa Ahmed,,[157433]
2143871,Alyssa Brooke Levine,,[157433]
1747113,Naomi Frenette,,[157433]
188983,Maria Herrera,1969-11-13,[157433]
135993,Frank Schorpion,,[157433]
449,Jay Baruchel,1982-04-09,[166428]
59174,America Ferrera,1984-04-18,[166428]
1164,F. Murray Abraham,1939-10-24,[166428]
112,Cate Blanchett,1969-05-14,[166428]
17276,Gerard Butler,1969-11-13,[166428]
24264,Craig Ferguson,1962-05-17,[166428]
21007,Jonah Hill,1983-12-20,[166428]
54691,Christopher Mintz-Plasse,1989-06-20,[166428]
41091,Kristen Wiig,1973-08-22,[166428]
239019,Kit Harington,1986-12-26,[166428]
1718135,Justin Rupple,,[166428]
130081,Robin Atkin Downes,,[166428]
138620,Kieron Elliott,1995-02-26,[166428]
2246293,Julia Emelin,,[166428]
35981,Gideon Emery,1972-09-12,[166428]
55398,Ashley Jensen,1969-08-11,[166428]
2246294,AJ Kane,,[166428]
110902,Ólafur Darri Ólafsson,1973-03-13,[166428]
154657,James Sie,1962-12-18,[166428]
20049,David Tennant,1971-04-18,[166428]
1407498,Marsai Martin,2004-08-14,[526050]
1455336,Issa Rae,1985-01-12,[526050]
35705,Regina Hall,1970-12-12,[526050]
1120700,Tone Bell,,[526050]
1222596,Justin Hartley,1977-01-29,[526050]
1828695,JD McCrary,,[526050]
1227482,Mikey Day,,[526050]
1381406,Chelsea Hayes,,[526050]
1523924,Caleb Emery,,[526050]
1576808,Noree Victoria,,[526050]
1855024,Kausar Mohammed,,[526050]
1438315,Andre Robinson,,[526050]
1758157,Amor Owens,,[526050]
2274740,Desi Banks,,[526050]
1863672,David A. Flannery,,[526050]
2132439,Andrew Romano,,[526050]
2088482,George Lott,,[526050]
2274741,Kendra L. Franklin,,[526050]
1569774,Marc Hawes,,[526050]
2274742,Eva Carlton,,[526050]
1964206,Mylie Stone,,[526050]
2170802,Ella Madison,,[526050]
32905,Rachel Dratch,1966-02-22,[526050]
135651,Michael B. Jordan,1987-02-09,[284054]
1267329,Lupita Nyong'o,1983-03-01,[284054]
7060,Martin Freeman,1971-09-08,[284054]
206919,Daniel Kaluuya,1989-02-24,[284054]
1225953,Sterling K. Brown,,[284054]
2178,Forest Whitaker,1961-07-15,[284054]
1333,Andy Serkis,1964-04-20,[284054]
51878,John Kani,1943-11-30,[284054]
71078,David S. Lee,1971-01-01,[284054]
1856116,Nabiyah Be,,[284054]
4812,Isaach De Bankolé,1957-08-12,[284054]
1181397,Connie Chiume,,[284054]
1979169,Dorothy  Steel,,[284054]
165424,Danny Sapani,1970-11-15,[284054]
1104414,Sydelle Noel,,[284054]
1979170,Marija Abney,,[284054]
1979176,Zola Williams,,[284054]
1580160,Janeshia Adams-Ginyard,,[284054]
1979172,Maria Hippolyte,,[284054]
1979183,Marie Mouroum,,[284054]
1903679,Jénel Stevens,,[284054]
1431508,Sope Aluko,,[284054]
1222428,Atandwa Kani,,[284054]
1734933,Ashton Tyler,,[284054]
77278,Denzel Whitaker,1990-06-15,[284054]
1787399,Shaunette Renée Wilson,,[284054]
1979177,Christine Hollingsworth,,[284054]
1821546,Lucy Hockings,,[284054]
965219,Bambadjan Bamba,1982-01-30,[284054]
1787404,Roland Kilumbu,,[284054]
171733,Francesca Faridany,1969-07-15,[284054]
1301772,Mark Ashworth,,[284054]
1609481,Seth Carr,2007-08-16,[284054]
1456750,Jeremy Sample,,[284054]
58930,Alexis Rhee,,[284054]
1688889,Alex Hibbert,,[284054]
131133,Trevor Noah,1984-02-20,[284054]
1767219,Tahseen Ghauri,,[284054]
1787407,Danny Chung,,[284054]
973644,Shad Gaspard,1981-01-13,[284054]
1771603,William Cowboy Reed,,[284054]
1787401,Michael David Yuhl,,[284054]
1773399,Elizabeth Elkins,,[284054]
1787400,Raven Wynn,,[284054]
1787402,Amechi Okocha,,[284054]
1460999,Tony Sears,,[284054]
1787405,Timothy Carr,,[284054]
1787406,Apollo GT,,[284054]
1787408,James Siderits,,[284054]
1367313,Travis Love,,[284054]
1734929,Lidya Jewett,,[284054]
1795537,Alona Leoine,,[284054]
1856121,Kinley Fleurejuste,,[284054]
1856126,Ofu Obekpa,,[284054]
1856124,Michael R. Ciminna,,[284054]
1856128,John Y Lee,,[284054]
1856131,Byron Coolie,,[284054]
1856132,William Walker,,[284054]
1754081,Joseph Akharoh Jr.,,[284054]
1856133,Stanley Aughtry,,[284054]
1856135,Raenen Golez,,[284054]
1856136,Leo De Rivera,,[284054]
1856138,Tevin Beech,,[284054]
1856137,Tari Omoro,,[284054]
1856139,Andrea Antonio Canal,,[284054]
1842715,Emelita T. Gonzalez,,[284054]
1856140,Josue Louis-Charles,,[284054]
1842230,Isaac Phillips,,[284054]
1787403,Jamel Chambers,,[284054]
2123041,Michael Christopher Rodney,1991-05-29,[284054]
1373737,Florence Pugh,1996-01-03,[445629]
17286,Lena Headey,1973-10-03,[445629]
11109,Nick Frost,1972-03-28,[445629]
1334638,Jack Lowden,1990-06-02,[445629]
18918,Dwayne Johnson,1972-05-02,[445629]
2301519,Thomas Whilley,,[445629]
2301521,Tori Ellen Ross,,[445629]
1704853,Olivia Bernstone,,[445629]
1765346,Leah Harvey,,[445629]
2301680,Mohammad Amiri,,[445629]
1636470,Christine Ozanne,,[445629]
2301681,Grace Link,,[445629]
2301682,Hannah Dodd,,[445629]
2301683,Jack Gouldbourne,,[445629]
2301685,Elroy Powell,,[445629]
1766862,Hannah Rae,,[445629]
1836,Julia Davis,1966-08-25,[445629]
39189,Stephen Merchant,1974-11-24,[445629]
4937,Vince Vaughn,1970-03-28,[445629]
1771684,Ellie Gonsalves,,[445629]
1300637,Aqueela Zoll,,[445629]
1040469,Kim Matula,1988-08-23,[445629]
1429000,Roy Bevis,,[445629]
108310,Brendon Burns,1971-04-19,[445629]
1869587,Ciaran Dowd,,[445629]
1109987,Josh Myers,,[445629]
85068,James Burrows,1991-07-07,[445629]
1429003,Zak Knight,,[445629]
2018471,Thea Megan Trinidad,1990-12-27,[445629]
151042,Paul Wight,1972-02-08,[445629]
237746,Stephen Farrelly,1978-01-28,[445629]
56446,John Cena,1977-04-23,[445629]
2267724,Rod Zapata,,[445629]
995457,Chloe Csengery,2000-07-07,[445629]
1771687,Chris Albright,,[445629]
1640,Stellan Skarsgård,1951-06-13,[24428]
1214673,Alexis Denisof,1966-02-25,[24428]
60120,Tina Benko,,[24428]
43553,Jerzy Skolimowski,1938-05-05,[24428]
1479945,Kirill Nikiforov,1980-07-09,[24428]
51303,Jeff Wolfe,,[24428]
1479946,M'laah Kaur Singh,2002-12-22,[24428]
86157,Rashmi Rustagi,,[24428]
6280,Powers Boothe,1948-06-01,[24428]
14464,Jenny Agutter,1952-12-20,[24428]
188758,Arthur Darbinyan,,[24428]
168246,Donald Li,,[24428]
60878,Warren Kole,1977-09-23,[24428]
81959,Alicia Sixtos,1988-05-27,[24428]
1033652,Dieter Riesle,,[24428]
87128,Kenneth Tigar,1942-09-24,[24428]
101522,Walter Perez,1982-07-12,[24428]
5048,Harry Dean Stanton,1926-07-14,[24428]
1479957,Josh Cowdery,1978-01-01,[24428]
34486,Ashley Johnson,1983-08-09,[24428]
1479959,Katsumi Komatsu,,[24428]
1479961,Yumiko Komatsu,,[24428]
2256,Robert Clohessy,1958-06-10,[24428]
1224022,Enver Gjokaj,1980-02-12,[24428]
1479967,Fernanda Toker,,[24428]
1480042,Andrea Vecchio,,[24428]
1480043,Robin Swoboda,,[24428]
79079,Jamie McShane,,[24428]
1203089,Michael Zhang,,[24428]
98626,William-Christopher Stephens,,[24428]
1480045,Kelley Robins Hicks,1980-09-07,[24428]
156342,Romy Rosemont,1964-10-28,[24428]
19151,James Eckhouse,1955-02-14,[24428]
1234512,Thomas Roberts,1972-10-05,[24428]
1480047,Pat Kiernan,1968-01-01,[24428]
150194,Damion Poitier,,[24428]
19137,Lou Ferrigno,1951-11-09,[24428]
66525,Jesse Garcia,1982-01-01,[24428]
1479962,Momoko Komatsu,,[24428]
1263294,Jillian Morgese,,[24428]
1480048,Catherine Anderson,,[24428]
1153698,Ricardo Andres,1950-10-06,[24428]
1480049,Logan Bennett,,[24428]
1191953,Mayank Bhatter,1987-06-10,[24428]
1480051,Sharita Bone,,[24428]
1480053,Jason Botsford,,[24428]
1480055,Mary Kate Campbell,,[24428]
1403346,Gene N. Chavez,,[24428]
1480056,Layla Cushman,,[24428]
1466605,Robert Dean,2018-05-01,[24428]
1480057,Rick Dremann,,[24428]
1480058,Jeffrey Feingold,1975-11-07,[24428]
1354406,Rod Fielder,,[24428]
1480060,Eric Frank,1977-03-05,[24428]
1480065,Israel Hall,,[24428]
1480066,Carmen Dee Harris,,[24428]
1480067,Alexander Christopher Jones,,[24428]
1480085,Mike Karban,,[24428]
1480087,Demoine Kinney,1985-10-20,[24428]
1480091,Andrew Knode,,[24428]
1480096,Annette Lawless,,[24428]
1480097,Kimberly J. Mahoney,,[24428]
1480124,Todd Manes,1975-03-25,[24428]
1480128,Jorge Mardel,,[24428]
1480130,Tiffany Sander McKenzie,,[24428]
1480132,Michael McMillan,,[24428]
1001496,Sean Meehan,1974-12-24,[24428]
1480144,Joti Nagra,,[24428]
1480146,Holly Neelie,,[24428]
1480148,Caleb Daniel Noal,,[24428]
1480150,Joseph O'Brien,,[24428]
1480152,Jeremy Orr,,[24428]
1480153,Nate Paige,,[24428]
1365516,Martin Palmer,1959-11-04,[24428]
1480198,Maria Perossa,,[24428]
1480199,Caleb Pieplow,,[24428]
1480200,Alexander Daniel Pimentel,,[24428]
1480202,Frank Powers,1975-07-16,[24428]
1371850,Jaime Powers,,[24428]
1480204,Brent Reichert,1971-05-09,[24428]
1480208,Kelly Ruble,,[24428]
1454362,Gina Sarno,1989-05-24,[24428]
1480209,Robert B. Schneider IV,,[24428]
1480210,Jeff Seich,,[24428]
1480211,Christina Shaffer,,[24428]
1480212,Alonda Shevette,,[24428]
1480213,Douglas Slygh,,[24428]
6037,Colin Strause,1976-11-08,[24428]
1480218,Robert P. Thitoff,,[24428]
1480219,George Thomas,,[24428]
1480220,Shane Thompson,,[24428]
1480221,Jerry Lee Tucker,,[24428]
1480222,Tai Urban,,[24428]
1480223,Chris Vaina,,[24428]
1480224,Sandra Weston,,[24428]
1480226,Seth Zielicke,,[24428]
1673576,Alex DeCourville,1988-01-01,[24428]
1636801,Debbie Scaletta,,[24428]
1343164,Andrea-Nichole Olivas,,[24428]
1376001,Tina Grimm,1982-02-19,[24428]
1962256,Evan Kole,,[24428]
887,Owen Wilson,1968-11-18,[920]
3636,Paul Newman,1925-01-26,[920]
5149,Bonnie Hunt,1961-09-22,[920]
15897,Larry the Cable Guy,1963-02-17,[920]
4252,Tony Shalhoub,1953-10-09,[920]
11159,Cheech Marin,1946-07-13,[920]
15902,Michael Wallis,,[920]
15903,George Carlin,1937-05-12,[920]
15900,Paul Dooley,1928-02-22,[920]
15899,Jenifer Lewis,1957-01-25,[920]
15898,Guido Quaroni,,[920]
1229705,Richard Petty,,[920]
2232,Michael Keaton,1951-09-05,[920]
381,Katherine Helmond,1929-07-05,[920]
7907,John Ratzenberger,1947-04-06,[920]
7911,Joe Ranft,1960-03-13,[920]
12799,Jeremy Piven,1965-07-26,[920]
81113,Jeremy Clarkson,1960-04-11,[920]
932721,Dale Earnhardt Jr.,1974-10-10,[920]
90424,Mario Andretti,1940-02-28,[920]
216299,Michael Schumacher,1969-01-03,[920]
14991,Jay Leno,1950-04-28,[920]
31,Tom Hanks,1956-07-09,[920]
12898,Tim Allen,1953-06-13,[920]
7904,Billy Crystal,1948-03-14,[920]
1230,John Goodman,1952-06-20,[920]
21290,Dave Foley,1963-01-04,[920]
160042,Bob Costas,1952-03-22,[920]
942993,Darrell Waltrip,1947-02-05,[920]
21125,Richard Kind,1956-11-22,[920]
3202,Edie McClurg,1951-07-23,[920]
1442427,Humpy Wheeler,,[920]
933947,Tom Magliozzi,,[920]
933948,Ray Magliozzi,,[920]
1442428,Lynda Petty,,[920]
7,Andrew Stanton,1965-12-03,[920]
1443286,Sarah Clark,,[920]
1443287,Mike Nelson,,[920]
7940,Jonas Rivera,,[920]
7962,Lou Romano,1972-04-15,[920]
1443295,Adrian Ochoa,,[920]
8078,E.J. Holowicki,,[920]
72754,Elissa Knight,1975-04-15,[920]
72753,Lindsey Collins,,[920]
1443308,Larry Benton,,[920]
1443310,Douglas Keever,,[920]
214701,Sherry Lynn,1940-05-20,[920]
84493,Mickie McGowan,,[920]
19545,Jack Angel,1930-10-24,[920]
